stock,OP,CP,name,total,last,align_y,align_t,slope,5 score,10 score,20 score,30 score,60 score,5 win rate,10 win rate,20 win rate,30 win rate,60 win rate,5 HP,10 HP,20 HP,30 HP,60 HP,5 LP,10 LP,20 LP,30 LP,60 LP,avr5_td
2330,583.0,590.0,Body2+,8,badec,20>60>5,20>60>5,slp<0,-2.3063094412693452,-2.794940655228592,0.519259601317284,2.1149912426917994,5.961609205925634,0.375,0.375,0.375,0.625,0.5,-1.0014218135650843,-1.2864610985307503,1.4205780362868583,3.544520065169468,7.050683027675612,-3.265062044060529,-3.5925695359491447,-0.7345391079915573,0.9875807651879499,4.917156343196607,582.4
2317,111.0,113.0,Body+,273,badce,20>60>5,20>60>5,slp<0,-0.2512468498846805,-0.7034519392702171,-0.9755946634661079,-0.9720920876737612,0.7500043099898305,0.4358974358974359,0.43223443223443225,0.4249084249084249,0.43223443223443225,0.45054945054945056,1.2475404161635912,0.6940588943548612,0.5005997295765116,0.41221968772109285,2.3080691848226658,-1.2974967826431925,-1.8251320188052311,-2.0502577453468365,-2.0826204005172095,-0.45956355032677393,111.20000000000002
2454,924.0,934.0,Body2+,21,abedc,60>20>5,60>20>5,slp<0,-0.6582562480351363,-3.7584743431186856,-3.4861725146038274,0.5963247499929081,4.651848003645556,0.38095238095238093,0.42857142857142855,0.42857142857142855,0.23809523809523808,0.47619047619047616,0.739029870189949,-2.2467191886818356,-2.4139972926104596,1.8922468803386654,6.067333472996485,-1.4634039124429326,-4.633080739113167,-4.381580149601782,-0.4540943377661177,3.214276185331422,921.0
2603,133.0,141.5,Body+,30,abdce,20>5>60,20>60>5,slp<0,-0.21385213201657555,-1.128989010181985,-1.115024342852405,-0.16632591344988007,5.631462129368676,0.5,0.5,0.5333333333333333,0.5666666666666667,0.4666666666666667,0.9266587518372105,0.017953081841084285,0.15592218314689052,1.3725188310476824,7.182436723725723,-1.2494422578709108,-2.2944441851416353,-2.176232740863801,-1.371580943155903,4.422536124632798,135.2
6505,97.8,99.7,Body+,17,badec,20>60>5,60>20>5,slp<0,-0.23237734628222104,0.546218757044567,-0.7510542486943262,-9.122325557837582,-4.678498696233276,0.47058823529411764,0.5294117647058824,0.47058823529411764,0.23529411764705882,0.29411764705882354,0.7941603866900141,1.7210072707000217,0.4680987201343466,-7.365908737223242,-3.2530292670706986,-1.394383692426372,-0.5084108369674258,-1.54959294036275,-10.152868977747996,-5.78812409501054,98.56
2412,115.5,116.5,Body+,841,cabde,5>20>60,5>20>60,slp>0,0.8456422443819076,1.00453188008433,1.197074936165047,1.0934361462279938,2.9452882796669555,0.4887039239001189,0.4887039239001189,0.4803804994054697,0.4447086801426873,0.47919143876337694,2.771822169588977,2.8692801401768375,3.0198275012957674,2.8366000602074353,4.672536917737829,-0.6452451521858368,-0.39637360445186987,-0.16117950997255687,-0.24457466308367654,1.6076554844987254,115.89999999999999
2881,75.0,76.5,None+,796,bcaed,20>5>60,20>5>60,slp<0,-0.08081537298582418,0.0546613681751887,0.7837974749777827,0.7923454613130871,1.7632380229580988,0.4949748743718593,0.4748743718592965,0.5175879396984925,0.48743718592964824,0.49874371859296485,1.352035278706298,1.4193130214631855,2.27840804686162,2.2785406960370285,3.2165496035786036,-1.2144543476642218,-1.1114114580341488,-0.35867311063288265,-0.38234620052303236,0.6557606749003052,75.86
2308,287.5,287.0,None-,1505,badec,20>60>5,20>60>5,slp<0,-0.4189915903294287,-0.9363647300452506,-0.873788942399919,-0.5570130871481224,2.8498852441695894,0.5009966777408638,0.47840531561461797,0.4777408637873754,0.4883720930232558,0.5362126245847176,0.968084548619302,0.3589673049787582,0.37117498115740605,0.7213986420193146,4.240645690774719,-1.4474765389854511,-2.002939358028869,-1.9306188315141317,-1.5391611681860407,1.7016515795802003,289.9
2882,54.5,55.8,Body+,76,bcade,20>60>5,20>60>5,slp<0,-0.8556013182046255,-0.9505038589503764,-1.231849522986267,-0.38045043952247076,4.373830005502126,0.47368421052631576,0.5131578947368421,0.4868421052631579,0.42105263157894735,0.47368421052631576,0.5853033171980435,0.4943638037498284,0.26251010704877914,0.8556933398588789,6.501206464211386,-1.8926523035408498,-2.105998865928152,-2.115712441925016,-1.6453776843985222,3.1822590647885973,54.739999999999995
1303,88.3,88.8,None+,2335,bcade,20>5>60,20>5>60,slp<0,-0.4639876836935856,-0.7335956533330492,-0.04684686477389722,0.3104561670957456,2.503781057066362,0.45610278372591007,0.4526766595289079,0.47366167023554606,0.4663811563169165,0.47366167023554606,1.121302764533725,0.8017861799845478,1.4722722081045172,1.80811903818992,4.118112692636903,-1.637964892197358,-1.9411004248457853,-1.2595772136385972,-0.8613889507999819,1.2522696914210416,86.68
2303,59.3,57.5,None-,4075,cbaed,5>20>60,5>20>60,slp>0,0.42369406845880153,0.7817996741055495,1.0558591511325606,1.7410908912213197,3.9062644960316497,0.4949693251533742,0.5020858895705521,0.4954601226993865,0.4952147239263804,0.5052760736196319,2.2774005847554104,2.6067220441587815,2.827007015565458,3.4783690652543355,5.569582460616469,-0.9657536626955942,-0.5918674167706699,-0.2887064138881568,0.3960975671140385,2.5492883273581404,54.959999999999994
1301,101.0,102.0,Body+,182,abdec,20>60>5,20>60>5,slp<0,-0.4819332739982552,-1.1469085676181165,-0.31955685099836895,0.06994712018058166,2.0801995629925503,0.4340659340659341,0.45054945054945056,0.47802197802197804,0.4725274725274725,0.45054945054945056,0.9925737546965078,0.3534523627411321,1.1571970635042552,1.4828291446897819,3.6591762811041284,-1.5725038698947702,-2.2693668428536946,-1.4368751383709575,-1.0220273158508182,0.9287734417493408,100.69999999999999
2615,223.5,232.0,Body+,172,bcaed,20>5>60,20>5>60,slp<0,-1.124917924165896,-0.8899606367753155,-0.6559531519872901,-0.521146657877574,-0.35142406384699565,0.38372093023255816,0.436046511627907,0.43023255813953487,0.4186046511627907,0.4186046511627907,0.3990030584807551,0.5407693777083149,0.8702644388060882,1.0802502596068775,1.078185285932387,-2.2099550365452547,-2.0433115171053404,-1.8423802044806308,-1.689026899776933,-1.4821074201434004,226.8
2002,36.8,37.25,None+,277,bacde,60>20>5,60>20>5,slp>0,-0.5005921481019331,-0.8149728699256831,-0.3808609932997924,-0.3650859203689788,1.3247364625443827,0.4223826714801444,0.47653429602888087,0.5018050541516246,0.4620938628158845,0.4657039711191336,0.7737800117675167,0.5012877336461,0.9611712936364057,0.9245748957140587,2.6787159419820235,-1.4194893126280321,-1.7324347443797754,-1.3860607680813215,-1.405593425640031,0.3501274653609473,36.080000000000005
2609,114.5,120.0,None+,226,bcade,20>60>5,20>60>5,slp<0,-1.0722841363329563,-0.9956069902790813,-0.7517076415557804,-0.16014788024429127,4.093055835721353,0.41150442477876104,0.415929203539823,0.4823008849557522,0.4778761061946903,0.5,0.34654274917180344,0.3670229038942417,0.6764544501430553,1.121891487502808,5.726081112872868,-2.1992823154382224,-2.1189166067310015,-1.8640076743090013,-1.230599222274606,2.902123677184815,121.4
3711,124.0,125.5,None+,3393,bcade,5>20>60,5>20>60,slp>0,-0.40070313468913865,-0.13378275381955002,0.061290720695237895,0.14263082767568902,2.2369709182265134,0.44238137341585615,0.44857058650162096,0.4450338933097554,0.4600648393751842,0.4771588564692013,1.0629286779122789,1.352856465972855,1.523650112948265,1.6307400358995758,3.6960312744650574,-1.6053447087348602,-1.3289822326770653,-1.1395245630897695,-1.0311440317776004,1.0498794581205462,118.1
2886,33.1,33.0,None-,2190,acbde,5>20>60,5>20>60,slp>0,0.5185065891004801,0.9851523355394454,1.4062420333500054,2.0283939720387054,4.612498126059443,0.4945205479452055,0.49269406392694065,0.471689497716895,0.473972602739726,0.4876712328767123,2.1417868918266105,2.6442977578181672,3.134554249252177,3.717131956427756,6.295808750973998,-0.7025623433643345,-0.2194842530099731,0.11031113543594386,0.672748634140078,3.3172001489443974,33.05
2891,22.95,23.1,None+,188,acbde,5>20>60,5>20>60,slp<0,0.7855827223560079,0.8885421607313088,1.4114548749469944,2.820841937045655,6.004264710971267,0.46808510638297873,0.5053191489361702,0.5212765957446809,0.5425531914893617,0.5478723404255319,2.4521794154639007,2.5848335327746477,3.001507767954924,4.481394441508723,7.737766743453045,-0.443857417783946,-0.29907119476416244,0.03191294782371289,1.4336479672506874,4.631368094529485,22.87
1216,73.7,74.7,None+,27,baced,60>20>5,5>60>20,slp>0,-2.3767943409119052,-1.8705521250397505,-3.717408940046793,-4.311011880133101,-2.6909934972462684,0.37037037037037035,0.4444444444444444,0.4074074074074074,0.37037037037037035,0.3333333333333333,-1.0510245107040161,-0.5420740654264006,-2.3010628828823663,-3.201186561797285,-1.357869989198152,-3.405361494974741,-3.0783492733057836,-4.6109154895340785,-5.371794215685823,-3.7506151815628788,73.46
2382,77.3,78.0,None+,2346,badec,60>20>5,60>20>5,slp<0,-0.29167556873725026,-0.47936775191872,0.06163923783070643,0.6879963547680245,3.328575799362568,0.49744245524296676,0.49531116794543906,0.5017050298380221,0.5217391304347826,0.5592497868712702,1.1701697360727505,0.9298985040585653,1.40021013390761,2.0565826364078537,4.7115709089197475,-1.4918722538407065,-1.6609102419466661,-1.083004821527807,-0.4245590318858878,2.201233231014674,78.61999999999999
2884,26.6,26.9,Body+,948,cbdae,5>20>60,5>20>60,slp<0,1.0271747881219904,1.2807853911071818,1.2496207941912296,1.25247449514288,3.7950573421281413,0.5179324894514767,0.5073839662447257,0.47890295358649787,0.4694092827004219,0.5,3.002847678032361,3.1807139289747353,3.1418235544243855,3.0012685927490113,5.543425097436735,-0.47039021967867006,-0.19081997115881175,-0.19285559649528802,-0.17204417995597376,2.397393428474428,26.6
2885,25.45,25.65,None+,798,abdce,20>60>5,20>60>5,slp<0,-0.2971241918067471,-0.7253913411399322,-0.37538858205869463,-0.3124080870561654,0.9137147152635381,0.47117794486215536,0.474937343358396,0.4824561403508772,0.49624060150375937,0.4824561403508772,1.0276761451561596,0.5964797955925231,0.914145389684347,1.0224420045978813,2.322169904344391,-1.3591002131654346,-1.7995419729268625,-1.4559214864956567,-1.368503307748882,-0.19572870878072196,25.33
1101,52.7,52.8,Body+,948,cbdae,5>20>60,5>20>60,slp<0,1.0271747881219904,1.2807853911071818,1.2496207941912296,1.25247449514288,3.7950573421281413,0.5179324894514767,0.5073839662447257,0.47890295358649787,0.4694092827004219,0.5,3.002847678032361,3.1807139289747353,3.1418235544243855,3.0012685927490113,5.543425097436735,-0.47039021967867006,-0.19081997115881175,-0.19285559649528802,-0.17204417995597376,2.397393428474428,52.739999999999995
3034,534.0,541.0,None+,411,cabed,5>60>20,5>20>60,slp>0,0.6246440810139896,1.4784651059994476,2.0734239747351078,2.7481935972681475,4.701253141584045,0.5085158150851582,0.5717761557177615,0.5206812652068127,0.5255474452554745,0.5085158150851582,2.372061241411828,3.085079581198577,3.629951240349198,4.227961833944886,6.266336884255464,-0.7371339558579674,0.10715794857683303,0.8702100301219344,1.475898440935484,3.3494896376648104,513.4000000000001
2892,22.75,22.95,Body2+,801,bcade,5>20>60,5>20>60,slp<0,-0.53544721172358,-0.8166293973268657,-0.6752557631288485,-0.6065905109362537,0.723381472227857,0.40574282147315854,0.4257178526841448,0.42446941323345816,0.4207240948813982,0.44569288389513106,1.0477959877364538,0.675477177912237,0.8762773260471681,0.8756686571478879,2.2667330248661712,-1.6927210819148968,-2.0065838297525818,-1.8460215534514188,-1.7574063346579203,-0.4595319061195326,22.86
5880,21.95,22.1,Body+,226,cabed,5>20>60,5>20>60,slp<0,0.22203718459430907,-0.10765520721652216,0.5227158793125342,0.6056880736950888,2.024969456877954,0.4557522123893805,0.43805309734513276,0.4823008849557522,0.5,0.4557522123893805,2.003724140603058,1.6866413521441896,2.097825683193813,2.192023867873152,3.63433626120819,-1.183682814320709,-1.32639994841526,-0.7617497619284848,-0.6905503840041113,0.7012543315977682,21.96
2357,315.0,319.5,None+,8566,aebdc,60>20>5,60>20>5,slp<0,-0.10431910689548539,-0.116075882646074,0.5804131414914113,1.3659011173839553,2.384504589247955,0.5158767219238851,0.5121410226476769,0.5314032220406257,0.5339715152930189,0.5361895867382676,1.3528859292798219,1.3025322007405125,1.9699116291286254,2.745294399231599,3.767033707406602,-1.3551599991354921,-1.3442932431596586,-0.5976951752340608,0.20969410343769412,1.3180013513018038,347.09999999999997
8046,405.5,389.5,None-,448,bacde,20>5>60,20>5>60,slp>0,0.3625336325361833,0.527945958668429,1.8035118914739303,1.5748412361510689,2.081066145746632,0.47767857142857145,0.5133928571428571,0.5267857142857143,0.4799107142857143,0.47767857142857145,1.9991299475459736,2.061398288018249,3.4455251086583316,3.345940894772048,3.703020642275819,-0.7445211235512401,-0.6811319538214182,0.4601845891183664,0.347890440166609,0.8622819346951445,392.29999999999995
2880,19.4,19.5,Body+,948,cbdae,5>20>60,5>20>60,slp<0,1.0271747881219904,1.2807853911071818,1.2496207941912296,1.25247449514288,3.7950573421281413,0.5179324894514767,0.5073839662447257,0.47890295358649787,0.4694092827004219,0.5,3.002847678032361,3.1807139289747353,3.1418235544243855,3.0012685927490113,5.543425097436735,-0.47039021967867006,-0.19081997115881175,-0.19285559649528802,-0.17204417995597376,2.397393428474428,19.4
2408,73.2,74.5,Body+,329,baedc,60>20>5,60>20>5,slp<0,-0.30132116847079937,0.053211056368858416,0.5624256709438274,1.010856481518313,0.9444588357973467,0.48632218844984804,0.5045592705167173,0.49240121580547114,0.5015197568389058,0.49544072948328266,1.0559696515501504,1.4511348312570371,1.9960851789138172,2.4039392201531675,2.3281318642303206,-1.3662837954959106,-1.0765768291256301,-0.43597426876318196,-0.06789726754994689,-0.027602836769329276,72.86
2883,14.15,14.2,None+,871,bcade,5>20>60,20>5>60,slp<0,0.05262243693404628,-0.06245303983759943,0.020492188709224243,0.47199937625761546,2.4074270149289836,0.5200918484500574,0.49942594718714123,0.49138920780711826,0.5086107921928817,0.4902411021814007,1.5178265969613256,1.388430006689456,1.43773137156306,1.8822802110277852,3.8320656983028525,-1.09753037657247,-1.2487576606764477,-1.1571781864869846,-0.6496663658482885,1.181500694244171,14.04
3037,148.0,145.5,None-,21845,cbdae,5>20>60,5>20>60,slp>0,0.40905062156516714,0.6771289202803537,0.6710819688168991,0.9475617411291613,3.155921405464801,0.47228198672465094,0.47470817120622566,0.453833829251545,0.4537880521858549,0.47878233005264365,2.2595037047821656,2.5174459307779578,2.4776603830230615,2.681493143837802,4.871911700168027,-1.027554462012563,-0.7358831168151316,-0.7062214448847216,-0.42577001861779934,1.7873953320869833,144.6
5876,42.05,42.5,None+,172,badec,20>60>5,60>20>5,slp<0,-0.39502834963455596,-0.40887513968565814,0.4623320791598147,1.089085806798196,4.40352548500032,0.5058139534883721,0.4883720930232558,0.48255813953488375,0.4941860465116279,0.563953488372093,0.9956017343979957,0.9622867109219723,1.6733915536676183,2.342836176465771,5.843488975943639,-1.472641844411266,-1.452273368433677,-0.5262144826165287,0.05669178407876071,3.299422582423588,42.44
2409,20.65,21.3,Body2+,935,abecd,60>20>5,60>20>5,slp<0,-5.839186776844386e-05,-0.24164797378508007,0.4844554168352048,0.863239557760585,0.7929762173402407,0.4855614973262032,0.47807486631016044,0.493048128342246,0.47914438502673795,0.45454545454545453,1.446296315689789,1.1545235018251332,1.865447806493237,2.2692726153974334,2.1975022241646665,-0.9359185999651796,-1.247839253066077,-0.5658740702366708,-0.15619167023198238,-0.28279880424162274,20.949999999999996
3481,18.55,19.1,None+,1832,abedc,60>20>5,60>20>5,slp<0,0.020303792366384604,0.14041215679747335,0.44565586732482343,0.7140828226638275,2.4550599927847157,0.5131004366812227,0.537117903930131,0.540938864628821,0.5294759825327511,0.5163755458515283,1.3803485408676044,1.454492983247041,1.7865092719746603,2.0568359239510228,3.8448147592980098,-1.119602841155463,-1.0382775738446612,-0.6436922002519917,-0.3852088344978328,1.379217848397148,18.9
2887,17.2,17.0,None-,388,cbdae,5>20>60,5>20>60,slp<0,1.7116833235882802,2.071671118332108,1.3863733774342721,2.162309146039888,4.86120774161098,0.5850515463917526,0.538659793814433,0.4742268041237113,0.47680412371134023,0.5025773195876289,3.57121939379435,3.962969730940826,3.1522343460193802,3.9575357637407533,6.5476687602170704,0.28261067984929433,0.5666131161427229,0.1114404336147148,0.7588057945283739,3.443534587584248,16.919999999999998
4938,67.3,67.1,None-,6537,abecd,60>20>5,60>20>5,slp>0,0.09486895458168959,0.2829622477588314,0.7400113776730356,1.0127238195695343,1.5856129723161565,0.5022181428789965,0.5337310692978431,0.527000152975371,0.5262352761205445,0.5054306256692672,1.5282330481893256,1.7165942553494156,2.1862051021616153,2.475552591481836,3.0681463515449363,-0.9995437981448935,-0.8425350912808114,-0.3903589225150805,-0.10355198125206029,0.4702716200693291,67.55999999999999
1402,29.8,30.1,None+,467,baedc,20>60>5,20>60>5,slp<0,-0.20438759457831682,-0.34038622531930846,-0.0700497343414276,-0.13233581497897356,1.3360705824997607,0.4668094218415418,0.4518201284796574,0.5074946466809421,0.44967880085653106,0.5074946466809421,1.120915012701708,0.8872316552534905,1.149991899278425,1.2281513019754515,2.6622456154318033,-1.1862270754149333,-1.377677012973591,-1.0822074195430074,-1.1866930071576127,0.2905870426309946,30.669999999999998
1102,51.5,51.8,None+,47,bcdae,5>20>60,20>5>60,slp<0,-0.09770524151415523,0.14506243821522868,-0.40635082952112445,-0.5208051358773241,1.378073711683114,0.48936170212765956,0.44680851063829785,0.425531914893617,0.40425531914893614,0.46808510638297873,1.3194097137231968,1.5433473725692235,0.9715057891926381,0.7741497236328398,2.7195657126118085,-1.0475240080938688,-0.9627072413915829,-1.4423741433075068,-1.4661334253380374,0.42412822315297904,52.22
2801,16.6,16.75,Body+,47,abced,5>60>20,5>60>20,slp<0,1.1255224407231654,2.1556785224200175,3.7231604496379367,3.4480800545265895,4.070551382110403,0.48936170212765956,0.5531914893617021,0.574468085106383,0.6595744680851063,0.5319148936170213,2.5137678757848008,3.613595768476163,5.232829944385699,5.039883921165852,5.5704811033289525,-0.04437425404182425,1.078685513007868,2.479950719652821,2.317222756364686,2.8840877443788915,16.6
2890,14.1,14.2,Body2+,801,bcade,5>20>60,5>20>60,slp<0,-0.53544721172358,-0.8166293973268657,-0.6752557631288485,-0.6065905109362537,0.723381472227857,0.40574282147315854,0.4257178526841448,0.42446941323345816,0.4207240948813982,0.44569288389513106,1.0477959877364538,0.675477177912237,0.8762773260471681,0.8756686571478879,2.2667330248661712,-1.6927210819148968,-2.0065838297525818,-1.8460215534514188,-1.7574063346579203,-0.4595319061195326,14.14
2301,64.0,63.9,None-,2617,acbde,60>5>20,60>5>20,slp>0,0.09222435332984302,0.23564543392374782,0.25470785226891757,0.08806250518863068,0.8002063980859521,0.4856706152082537,0.4975162399694306,0.49445930454719145,0.4795567443637753,0.4967520061138708,1.5594569913188756,1.6724984273291286,1.7279242925663207,1.5113480334926406,2.2654162835469718,-0.9322967081913353,-0.8515666905438327,-0.7377663611221598,-0.9621745062640451,-0.2973058204075076,61.08
2344,34.3,35.3,None+,398,baced,20>5>60,20>5>60,slp>0,0.3094517670459217,0.3588326308469109,-0.06284819809320148,0.16678248759907374,0.571422209965787,0.4949748743718593,0.5125628140703518,0.4623115577889447,0.45979899497487436,0.45979899497487436,1.7134811580131157,1.7877116362981746,1.2964961421372687,1.5608960317907705,1.9995699714615789,-0.7271819093942826,-0.666107872615293,-1.1753492496250921,-0.9008374988339453,-0.5283777092959617,33.63
1802,38.35,39.3,Body+,482,bcade,20>5>60,20>5>60,slp<0,-0.7660670754532232,-1.0171520031898813,-1.41492747214175,-1.696028382956294,-0.5124316578363656,0.42531120331950206,0.43568464730290457,0.4190871369294606,0.44398340248962653,0.3900414937759336,0.9697585950716638,0.683306273932119,0.2539359948903062,-0.13793733231895822,1.124823758294665,-1.9758384649244083,-2.2763577027437294,-2.6245340701664692,-2.8717729356025434,-1.6431731973238624,38.480000000000004
2888,9.18,9.25,None+,467,baedc,20>60>5,20>60>5,slp<0,-0.20438759457831682,-0.34038622531930846,-0.0700497343414276,-0.13233581497897356,1.3360705824997607,0.4668094218415418,0.4518201284796574,0.5074946466809421,0.44967880085653106,0.5074946466809421,1.120915012701708,0.8872316552534905,1.149991899278425,1.2281513019754515,2.6622456154318033,-1.1862270754149333,-1.377677012973591,-1.0822074195430074,-1.1866930071576127,0.2905870426309946,9.434
2823,26.35,26.6,Body+,362,badce,20>5>60,20>5>60,slp<0,-0.14116749228488512,-0.47612987679488944,-0.5522231051621856,0.047862475173754936,2.5842397505730714,0.5027624309392266,0.4419889502762431,0.48066298342541436,0.44751381215469616,0.47513812154696133,1.4867432935898075,1.1405615789194332,1.011817009842174,1.5962174291840372,4.424763858863017,-1.335127181185208,-1.7160661492795681,-1.7851687096586808,-1.1930663644404742,1.171159201161452,26.439999999999998
9904,35.3,35.5,None+,789,abdec,20>60>5,20>60>5,slp<0,-0.29938073307695445,-0.2262363450678921,0.39325883433612185,0.1825325816457857,2.8764833025316823,0.47782002534854245,0.5057034220532319,0.5196451204055766,0.5120405576679341,0.5031685678073511,1.0543556452229026,1.1061512930538944,1.6371887778776992,1.5704382919975526,4.316842221937239,-1.3898307933281615,-1.2677390097425358,-0.6700298756106977,-0.8928172492081909,1.7414449767067768,35.54
1605,28.2,27.8,Body2-,735,abcde,5>20>60,5>20>60,slp>0,-0.6328635637735431,-0.6080462403229951,-0.8152145622031839,-1.1740819614059979,0.6571819103520992,0.4598639455782313,0.45170068027210886,0.41904761904761906,0.4231292517006803,0.45714285714285713,0.8157977838168504,0.9366428292431996,0.7116671523784792,0.30486281500194645,2.119118830065208,-1.8330715596531366,-1.7617399236721887,-1.953210218472878,-2.268839651827527,-0.5328784178928678,28.050000000000004
4958,105.5,104.5,None-,352,baced,5>20>60,5>20>60,slp>0,-0.17625558124167542,0.2889199626241247,0.3897147890113896,0.8256037631889863,1.672364030135453,0.4744318181818182,0.48011363636363635,0.4971590909090909,0.48579545454545453,0.4744318181818182,1.251497569224067,1.7119131121525806,1.9931279616280115,2.3093287385193553,3.1499947582624133,-1.3340877404789748,-0.8479949744988478,-0.8261812933173818,-0.309666808225522,0.4399043169451859,105.4
2027,52.5,54.1,Body+,381,abdce,20>5>60,20>5>60,slp<0,-0.7316704812426179,-0.7328042152882751,-0.9070717253043117,-0.6909777896854525,0.6652730222017834,0.41732283464566927,0.43832020997375326,0.4566929133858268,0.42782152230971127,0.4330708661417323,0.9797890550003989,0.8709023568661539,0.7366823459707154,0.9049409833428728,2.331374567710811,-1.8730951734149655,-2.0160039848955336,-2.095191146378768,-1.8950650934653945,-0.5062583539171664,52.52
2610,17.25,17.4,None+,298,abedc,20>60>5,20>60>5,slp<0,-0.018091093568884994,-0.9392726342381448,-0.1685050417685391,0.5161821931807323,1.9862500860300007,0.5302013422818792,0.4664429530201342,0.49328859060402686,0.4865771812080537,0.5,1.31951942403435,0.4017363282056252,1.0542671042563974,1.8016831600740812,3.346164501745458,-1.0825667541066162,-1.925068299025348,-1.19475121407273,-0.49709785699218517,0.947827775793446,17.52
2324,21.6,21.6,None+,8566,aebdc,60>20>5,60>20>5,slp<0,-0.10431910689548539,-0.116075882646074,0.5804131414914113,1.3659011173839553,2.384504589247955,0.5158767219238851,0.5121410226476769,0.5314032220406257,0.5339715152930189,0.5361895867382676,1.3528859292798219,1.3025322007405125,1.9699116291286254,2.745294399231599,3.767033707406602,-1.3551599991354921,-1.3442932431596586,-0.5976951752340608,0.20969410343769412,1.3180013513018038,21.7
2618,18.2,18.5,None+,29,abecd,20>5>60,20>60>5,slp<0,-0.5937355729569587,0.5535703278810679,1.1706101756302847,1.4637273783427096,3.5598980784413596,0.3448275862068966,0.41379310344827586,0.41379310344827586,0.5517241379310345,0.5172413793103449,0.42368125054502104,1.611560212815729,2.3091751446591378,2.4768888016915804,4.768939003522115,-1.4006935023592528,-0.5385709160360798,0.22926493349497007,0.5997076026307606,2.3304306754284116,18.62
3231,27.75,27.6,None-,270,badec,20>60>5,60>20>5,slp<0,-0.5270459373100072,-1.0238937644291373,-0.7921486948637558,-0.24064741541407808,2.314457108459803,0.4925925925925926,0.4962962962962963,0.4666666666666667,0.45555555555555555,0.5,0.8983991880269631,0.390864958916074,0.4797976917308952,1.1249471243219296,3.6901058582431228,-1.7178910402800507,-2.05270119482717,-1.8925269620986007,-1.348818857545549,1.2741397239825594,27.909999999999997
2347,53.1,54.0,None+,574,cbdae,60>5>20,60>5>20,slp>0,0.3794649126136711,0.7292429418164573,0.34435486905567697,-0.0614592541611352,0.13408131188900077,0.5017421602787456,0.519163763066202,0.5,0.5,0.47735191637630664,1.8048514597454044,2.171677271922259,1.8007209762162313,1.2682478394285717,1.4995029430972868,-0.6948229792775175,-0.2956439978136286,-0.6471794540307074,-0.9876552121880974,-0.8995475081937797,52.96000000000001
6239,112.0,111.5,None-,21845,cbdae,5>20>60,5>20>60,slp>0,0.40905062156516714,0.6771289202803537,0.6710819688168991,0.9475617411291613,3.155921405464801,0.47228198672465094,0.47470817120622566,0.453833829251545,0.4537880521858549,0.47878233005264365,2.2595037047821656,2.5174459307779578,2.4776603830230615,2.681493143837802,4.871911700168027,-1.027554462012563,-0.7358831168151316,-0.7062214448847216,-0.42577001861779934,1.7873953320869833,112.39999999999999
2353,27.3,27.75,Body+,513,abecd,60>20>5,60>20>5,slp>0,-0.2124473102026447,-0.6287557509298618,-0.1274645015435148,0.1388101144962347,1.5163948595460106,0.4678362573099415,0.47953216374269003,0.48148148148148145,0.5087719298245614,0.49707602339181284,1.240752471445744,0.807996457985385,1.347264993107004,1.6035508696435057,3.043586272140534,-1.251752531326172,-1.7340824746641819,-1.2518026354464327,-1.0060122796267879,0.3647879504792754,27.459999999999997
2356,23.5,23.55,None+,1475,baedc,60>20>5,60>20>5,slp<0,-0.10702491938210906,-0.04458126840389262,0.4625009225669194,0.8292490527374281,1.0066818382299623,0.471864406779661,0.4786440677966102,0.5172881355932203,0.5138983050847458,0.5132203389830509,1.2000299011495377,1.2155866487770617,1.7103399431708095,2.09539004259106,2.3314552328590255,-1.2124929981070387,-1.1792896578029086,-0.5557616224750558,-0.19204799270066988,-0.02058354567918517,23.61
3189,187.0,188.0,Body+,1837,bcade,5>20>60,5>20>60,slp<0,-0.9512232819607611,-1.2090065962124503,-1.2212048432734957,-0.7759224702081052,0.7913557816906271,0.38214480130647793,0.3685356559608057,0.3946652150244965,0.4006532389765923,0.4256940664126293,0.8495697252622555,0.6014934348558089,0.467327730699985,0.9201424073468369,2.4424267859752677,-2.2710244571465354,-2.509739511470979,-2.5001740375917256,-2.104543888717528,-0.5189041738993314,185.9
2337,42.3,44.1,Body2+,82,baecd,20>60>5,20>60>5,slp<0,-0.031249726999110234,-1.103638263543971,-0.5686807004814334,-0.13027856788998238,1.6923762500336517,0.45121951219512196,0.35365853658536583,0.4024390243902439,0.4634146341463415,0.45121951219512196,1.3939763423025793,0.27093924228662886,0.8218211380931814,1.1203820526742496,3.088486664875793,-1.0501258201036683,-2.0191725236310383,-1.7276701094883806,-1.2364627522639873,0.3387180096866525,42.21
2023,35.65,36.45,None+,1654,badce,20>5>60,20>5>60,slp<0,-0.0701974837262701,-0.34944726636838996,-0.1586709563947272,0.30176571409897673,2.3382000966050915,0.5114873035066505,0.4758162031438936,0.5,0.48125755743651755,0.4909310761789601,1.375475414788957,1.0858807509666113,1.2590244758644435,1.666296227148472,3.832505233819891,-1.1835197931227384,-1.4882677523757566,-1.2889257447392903,-0.8554749530569475,1.1463966095223845,34.77
2014,49.5,49.25,None-,1399,badce,20>60>5,20>60>5,slp<0,0.1571749356205128,-0.25765743250855727,-0.22920185620923292,0.10134860626911817,2.314881639323421,0.5368120085775554,0.5003573981415297,0.4996426018584703,0.503216583273767,0.4996426018584703,1.479138196469378,1.07918142248185,1.0707491118884824,1.3887295201722507,3.791083575402734,-0.8812565302847053,-1.2463390549399953,-1.2652887258164294,-0.9169413828731559,1.21185709212902,48.089999999999996
2834,9.49,9.5,Body+,3,bcade,60>20>5,20>60>5,slp<0,0.6094738331350905,-0.0955442597240815,0.5892562657662065,0.04128841957499022,14.934050575087317,0.6666666666666666,0.6666666666666666,0.3333333333333333,0.3333333333333333,0.6666666666666666,2.2303090079244097,1.2950366939620068,2.3489252501132283,2.1785814191448765,16.420692777303312,-0.10839347007193699,-1.3924904107080474,-0.4219523675753332,-0.8297108231678904,12.824579679114477,9.492
2637,78.6,79.0,None+,226,bcade,20>60>5,20>60>5,slp<0,-1.0722841363329563,-0.9956069902790813,-0.7517076415557804,-0.16014788024429127,4.093055835721353,0.41150442477876104,0.415929203539823,0.4823008849557522,0.4778761061946903,0.5,0.34654274917180344,0.3670229038942417,0.6764544501430553,1.121891487502808,5.726081112872868,-2.1992823154382224,-2.1189166067310015,-1.8640076743090013,-1.230599222274606,2.902123677184815,78.18
2376,100.0,99.5,None-,6537,abecd,60>20>5,60>20>5,slp>0,0.09486895458168959,0.2829622477588314,0.7400113776730356,1.0127238195695343,1.5856129723161565,0.5022181428789965,0.5337310692978431,0.527000152975371,0.5262352761205445,0.5054306256692672,1.5282330481893256,1.7165942553494156,2.1862051021616153,2.475552591481836,3.0681463515449363,-0.9995437981448935,-0.8425350912808114,-0.3903589225150805,-0.10355198125206029,0.4702716200693291,99.75999999999999
2352,29.85,29.9,Body+,5,badce,20>60>5,20>60>5,slp>0,0.23840743285903612,0.5472903058756506,2.33346085117275,10.766386087588383,22.971044715670484,0.4,0.6,0.8,1.0,1.0,0.9532226956334974,1.1338219290106368,3.149225801614202,11.787849586752596,24.246733201265773,-0.46194011288129716,-0.06599867276325562,1.5079237616382748,9.030521536992461,22.08539952222352,29.64
6116,19.05,19.5,Body+,586,abdec,60>20>5,60>20>5,slp<0,0.5079079827819449,0.46847151864656733,0.5280856036902993,1.5492258845638138,3.26898916486036,0.5409556313993175,0.5068259385665529,0.5,0.5017064846416383,0.5324232081911263,1.9120877647903205,1.9193960247274,2.002403950119029,2.9741524669513844,4.751867661841185,-0.663555901887565,-0.62087275228762,-0.6027821190216257,0.34808215311077767,2.12862792142719,19.25
2385,80.5,80.4,None-,6,bdace,5>20>60,20>5>60,slp<0,-2.387084223901731,0.5879069314758425,-0.7922020554826216,-1.5423815759429942,-6.265308873534554,0.5,0.5,0.5,0.5,0.16666666666666666,-1.0840240307104052,1.830794270901168,0.5352606568174314,-0.18835874972802177,-4.528107742585999,-3.4845044719979796,-0.4552058426782744,-1.5914470101515754,-2.08590464449177,-7.065384040062622,80.64
2606,62.9,64.5,None+,226,bcade,20>60>5,20>60>5,slp<0,-1.0722841363329563,-0.9956069902790813,-0.7517076415557804,-0.16014788024429127,4.093055835721353,0.41150442477876104,0.415929203539823,0.4823008849557522,0.4778761061946903,0.5,0.34654274917180344,0.3670229038942417,0.6764544501430553,1.121891487502808,5.726081112872868,-2.1992823154382224,-2.1189166067310015,-1.8640076743090013,-1.230599222274606,2.902123677184815,63.72
2542,49.15,49.45,None+,26491,cbdae,5>20>60,5>20>60,slp>0,0.3139807468632464,0.6518604181164349,0.7382710270506726,1.0861929233074086,2.9771269230212343,0.4685742327582953,0.4822015023970405,0.4610999962251331,0.46627156392737157,0.48020082292099203,2.067287562779375,2.36499412082358,2.4082743059092793,2.718023621061105,4.583522863635475,-1.1174799417803878,-0.7519517229870293,-0.6253706018115358,-0.2503735572561099,1.6642215204033177,48.81999999999999
6531,749.0,778.0,None+,3393,bcade,5>20>60,5>20>60,slp>0,-0.40070313468913865,-0.13378275381955002,0.061290720695237895,0.14263082767568902,2.2369709182265134,0.44238137341585615,0.44857058650162096,0.4450338933097554,0.4600648393751842,0.4771588564692013,1.0629286779122789,1.352856465972855,1.523650112948265,1.6307400358995758,3.6960312744650574,-1.6053447087348602,-1.3289822326770653,-1.1395245630897695,-1.0311440317776004,1.0498794581205462,716.4
2371,26.4,27.25,None+,7158,cabed,5>20>60,5>20>60,slp>0,0.4343357387400552,0.95791698112371,1.5962549995547546,2.600125928942619,4.099172768945937,0.4810002794076558,0.4899413243922883,0.49063984353171275,0.4920368818105616,0.4677284157585918,2.1505913181187237,2.652586195987149,3.2236446298547348,4.25099018843481,5.770398924153244,-1.0016756466184182,-0.4041876092963403,0.23111655599298922,1.2369502327673638,2.739695715858245,25.4
2449,46.8,46.95,Body+,948,cbdae,5>20>60,5>20>60,slp<0,1.0271747881219904,1.2807853911071818,1.2496207941912296,1.25247449514288,3.7950573421281413,0.5179324894514767,0.5073839662447257,0.47890295358649787,0.4694092827004219,0.5,3.002847678032361,3.1807139289747353,3.1418235544243855,3.0012685927490113,5.543425097436735,-0.47039021967867006,-0.19081997115881175,-0.19285559649528802,-0.17204417995597376,2.397393428474428,46.33
2313,42.8,42.7,None-,4,bdcae,5>20>60,20>5>60,slp<0,2.70352929998678,4.950787750801364,2.87755240511604,3.317458763857429,2.212082766253638,0.75,1.0,0.75,0.5,0.5,3.845938859410613,6.296206520366078,4.160796936871393,4.410853221525525,3.1766744684421466,0.5385110883962063,4.230580070891167,2.0429060894189246,3.020628229792424,1.6793246063684226,44.17
2006,46.7,47.65,Body+,273,badce,20>60>5,20>60>5,slp<0,-0.2512468498846805,-0.7034519392702171,-0.9755946634661079,-0.9720920876737612,0.7500043099898305,0.4358974358974359,0.43223443223443225,0.4249084249084249,0.43223443223443225,0.45054945054945056,1.2475404161635912,0.6940588943548612,0.5005997295765116,0.41221968772109285,2.3080691848226658,-1.2974967826431925,-1.8251320188052311,-2.0502577453468365,-2.0826204005172095,-0.45956355032677393,47.13
4919,138.0,135.0,None-,13004,bcade,5>20>60,5>20>60,slp<0,0.20966268730891224,-0.07936734039455458,0.08319833740640219,0.40687430355670556,2.0474758675476448,0.5153029836973239,0.47316210396800984,0.4606274992310058,0.46178099046447246,0.46708705013841895,1.9058567977979555,1.613229599770284,1.7234301173056774,2.0290281103710663,3.6666167390348012,-1.049248521039748,-1.318751622928392,-1.1809761190623125,-0.8294991236352692,0.768191684615589,137.2
4961,291.0,308.0,Body2+,99,abecd,20>60>5,20>60>5,slp<0,0.6176012670234216,0.945677327236507,0.5194509431754465,2.309065796491683,4.28003941906152,0.5353535353535354,0.5757575757575758,0.5050505050505051,0.47474747474747475,0.5151515151515151,2.1588674423298753,2.4804506489375577,2.0620622579866357,3.6955309470706528,5.892393484610359,-0.5454251505585068,-0.24909446302311614,-0.6254423906343272,1.193012719859592,3.001039075813783,286.8
3006,185.0,183.0,None-,388,cbdae,5>20>60,5>20>60,slp<0,1.7116833235882802,2.071671118332108,1.3863733774342721,2.162309146039888,4.86120774161098,0.5850515463917526,0.538659793814433,0.4742268041237113,0.47680412371134023,0.5025773195876289,3.57121939379435,3.962969730940826,3.1522343460193802,3.9575357637407533,6.5476687602170704,0.28261067984929433,0.5666131161427229,0.1114404336147148,0.7588057945283739,3.443534587584248,184.20000000000002
6213,137.5,136.0,None-,1315,bacde,20>5>60,20>5>60,slp<0,0.26627280860396774,0.18992703483658574,0.7113765329626053,1.1577362351333569,2.6271819897073163,0.5171102661596958,0.47224334600760454,0.47224334600760454,0.48897338403041823,0.48136882129277564,1.7731369005717375,1.7589329103598412,2.2528627354955164,2.7570969521713655,4.264827233071484,-0.8858972778605755,-0.9861617335709236,-0.48955250475170936,-0.014211376076988578,1.323295399249126,137.6
3545,286.0,280.0,None-,8417,cabde,5>20>60,5>20>60,slp>0,0.5755439674500157,0.6796869383728298,0.5607523720530908,0.7114919197012762,1.8334040975730936,0.4994653677082096,0.4855649281216585,0.47095164547938695,0.464298443625995,0.45301176191041936,2.4097049720471317,2.5052561285978228,2.3326051863294515,2.434472858931466,3.4485656932204667,-0.8417078676734829,-0.6900779550445123,-0.7560082137991402,-0.5834470446939759,0.5601076854419607,276.5
6269,132.0,132.5,None+,367,abced,20>5>60,20>5>60,slp>0,-0.28349836980064097,-0.15906771558095814,0.1904071061963353,-0.18059691434519418,1.216080251078584,0.43869209809264303,0.44959128065395093,0.4822888283378747,0.44141689373297005,0.444141689373297,1.1685036660940822,1.250711916048106,1.678942120399827,1.229190780346455,2.681534122788057,-1.3629819987516234,-1.293560609696496,-0.9897673384711381,-1.3731184359719066,0.028721527221586777,129.3
2441,96.4,91.7,None-,21845,cbdae,5>20>60,5>20>60,slp>0,0.40905062156516714,0.6771289202803537,0.6710819688168991,0.9475617411291613,3.155921405464801,0.47228198672465094,0.47470817120622566,0.453833829251545,0.4537880521858549,0.47878233005264365,2.2595037047821656,2.5174459307779578,2.4776603830230615,2.681493143837802,4.871911700168027,-1.027554462012563,-0.7358831168151316,-0.7062214448847216,-0.42577001861779934,1.7873953320869833,92.84
1314,13.15,13.45,None+,982,badce,20>60>5,20>60>5,slp<0,-0.18851147565442325,-0.44624073861330005,-0.09044281318369916,0.07098327671999298,2.2599915291493016,0.4786150712830957,0.4725050916496945,0.4969450101832994,0.4979633401221996,0.5040733197556008,1.0870208941424369,0.8099024153238268,1.173325575790913,1.3654622977350188,3.7545386279251676,-1.2221972437902462,-1.5066047291194808,-1.1383185858804628,-0.9235540340221072,1.091933525533658,13.129999999999999
2607,32.25,33.1,None+,2104,abdce,20>5>60,20>5>60,slp<0,0.05197454760125488,-0.35851244997282655,-0.23120657178809956,-0.10244420301263465,1.9178995267568955,0.49572243346007605,0.47338403041825095,0.4667300380228137,0.4629277566539924,0.439638783269962,1.5710744884670402,1.1746000165765658,1.2338703183794508,1.3242187008753015,3.4181811409645033,-1.1129577793633283,-1.466723255015681,-1.3397298631299779,-1.2531173129155884,0.6995729846148526,33.12
6271,243.5,239.5,None-,388,cbdae,5>20>60,5>20>60,slp<0,1.7116833235882802,2.071671118332108,1.3863733774342721,2.162309146039888,4.86120774161098,0.5850515463917526,0.538659793814433,0.4742268041237113,0.47680412371134023,0.5025773195876289,3.57121939379435,3.962969730940826,3.1522343460193802,3.9575357637407533,6.5476687602170704,0.28261067984929433,0.5666131161427229,0.1114404336147148,0.7588057945283739,3.443534587584248,245.29999999999998
1304,32.8,33.75,Body+,273,badce,20>60>5,20>60>5,slp<0,-0.2512468498846805,-0.7034519392702171,-0.9755946634661079,-0.9720920876737612,0.7500043099898305,0.4358974358974359,0.43223443223443225,0.4249084249084249,0.43223443223443225,0.45054945054945056,1.2475404161635912,0.6940588943548612,0.5005997295765116,0.41221968772109285,2.3080691848226658,-1.2974967826431925,-1.8251320188052311,-2.0502577453468365,-2.0826204005172095,-0.45956355032677393,32.8
1440,24.4,24.8,Body+,148,abdce,60>20>5,60>20>5,slp<0,0.12651325143871342,0.18263378418704196,0.9860941556379238,-0.010311374223805158,-0.36104933870364664,0.44594594594594594,0.5067567567567568,0.5405405405405406,0.49324324324324326,0.47297297297297297,1.3562362541858821,1.4771039594059152,2.417887503720779,1.3345424446245582,1.156399123575532,-0.8410303369035583,-0.8807284601027461,-0.09572711215207437,-1.1115238905614517,-1.293491866320182,24.490000000000002
3042,120.5,123.0,Body+,30,baedc,20>5>60,20>5>60,slp<0,-0.5463310273366206,-0.7549462538298238,-2.7931900014516926,-3.211944640750203,-1.4754839061498422,0.4666666666666667,0.5,0.36666666666666664,0.36666666666666664,0.36666666666666664,1.6503005855765314,1.0809701442113373,-1.1483352373261568,-1.4313852386383097,0.13351085067331728,-1.6585612470077018,-2.116686844437889,-4.349953946280398,-4.612936457427007,-2.806095657995812,120.9
2368,72.6,72.6,None+,796,bcaed,20>5>60,20>5>60,slp<0,-0.08081537298582418,0.0546613681751887,0.7837974749777827,0.7923454613130871,1.7632380229580988,0.4949748743718593,0.4748743718592965,0.5175879396984925,0.48743718592964824,0.49874371859296485,1.352035278706298,1.4193130214631855,2.27840804686162,2.2785406960370285,3.2165496035786036,-1.2144543476642218,-1.1114114580341488,-0.35867311063288265,-0.38234620052303236,0.6557606749003052,72.36
8150,53.7,53.0,None-,6430,bcdae,5>20>60,5>20>60,slp>0,0.2821931612120897,0.7002330269474538,1.0307857153604647,0.9071149145431753,2.5830509933517534,0.4744945567651633,0.48755832037325036,0.48040435458786934,0.4597200622083981,0.46065318818040435,2.0415874226373236,2.4717676477257746,2.824148164532533,2.6397585858651045,4.278142612229572,-1.0287414553419585,-0.6221046941116706,-0.2633546969026304,-0.39058424252391427,1.251910755027678,52.080000000000005
6005,16.1,15.9,None-,179,abcde,20>60>5,20>60>5,slp<0,-0.4152874853971161,-0.9044581460911054,0.5009342248314255,0.44744249718705825,1.6113446942643934,0.4692737430167598,0.4972067039106145,0.5027932960893855,0.4860335195530726,0.441340782122905,0.9140416871864399,0.42699724980557296,1.7988745506004367,1.842138721483779,3.110638492440609,-1.2910563211836035,-1.9935327801485134,-0.47875906555635095,-0.5923625724084052,0.5086124001769513,16.67
8016,400.0,398.5,None-,21845,cbdae,5>20>60,5>20>60,slp>0,0.40905062156516714,0.6771289202803537,0.6710819688168991,0.9475617411291613,3.155921405464801,0.47228198672465094,0.47470817120622566,0.453833829251545,0.4537880521858549,0.47878233005264365,2.2595037047821656,2.5174459307779578,2.4776603830230615,2.681493143837802,4.871911700168027,-1.027554462012563,-0.7358831168151316,-0.7062214448847216,-0.42577001861779934,1.7873953320869833,375.2
1909,28.1,28.1,None+,2335,bcade,20>5>60,20>5>60,slp<0,-0.4639876836935856,-0.7335956533330492,-0.04684686477389722,0.3104561670957456,2.503781057066362,0.45610278372591007,0.4526766595289079,0.47366167023554606,0.4663811563169165,0.47366167023554606,1.121302764533725,0.8017861799845478,1.4722722081045172,1.80811903818992,4.118112692636903,-1.637964892197358,-1.9411004248457853,-1.2595772136385972,-0.8613889507999819,1.2522696914210416,27.890000000000004
6278,128.0,128.5,None+,519,abcde,20>5>60,20>5>60,slp>0,0.3152315263079647,0.6260614451118887,1.2511393031246345,0.7713865378170783,1.6149342199604193,0.5221579961464354,0.5183044315992292,0.48747591522157996,0.47591522157996147,0.48747591522157996,1.7189198884473047,2.115647705886862,2.7178379860600206,2.2995749303713575,2.9934755666105946,-0.7700795416379158,-0.47436334257646545,0.0440838183797161,-0.2873661255319027,0.45301239460667786,123.10000000000001
